Id,URL,Region,Page Title,Crawling Status,Number of Cookies,Number of Requests,Last Successful Crawl,Comment
1,https://youtu.be,EU,YouTube,Success,62,738,2025-11-09T15:49:26.228526,
2,https://telekom.de,EU,"Telekom | Mobilfunk, Festnetz & Internet, TV Angebote",Failed,48,256,2025-11-09T15:50:19.360798,cant login - phone number required
3,https://linktr.ee,EU,Linktree Admin,Success,89,1031,2025-11-09T15:52:09.821912,
4,https://linkos.bg,EU,Линкос ООД - уеб и хостинг услуги,Failed,0,154,2025-11-09T15:53:43.608586,cant login - ambigious website
5,https://google.de,EU,Google,Success,59,194,2025-11-09T15:54:18.719416,
6,https://amazon.de,EU,"Amazon.de: Günstige Preise für Elektronik & Foto, Filme, Musik, Bücher, Games, Spielzeug & mehr",Failed,7,104,2025-11-09T15:54:46.326758,cant login - phone number required
7,https://installatiegereedschap.nl,EU,Installatiegereedschap voor elke vakman | Installatiegereedschap.nl,Success,32,1027,2025-11-09T15:57:36.642880,
8,https://google.fr,EU,Google,Success,59,185,2025-11-09T15:58:07.429870,
9,https://t-online.de,EU,Telekom Login,Failed,97,233,2025-11-09T16:00:25.965953,cant login - linked to telekom.de and it requires a mobile phone
10,https://mobile.de,EU,Zugriff verweigert / Access denied,Failed,9,68,2025-11-09T16:00:50.651710,Access denied
11,https://rzone.de,EU,,Failed,0,0,2025-11-09T16:00:51.659857,Connection timeout
12,https://google.es,EU,Google,Success,59,207,2025-11-09T16:01:39.568977,
13,https://free.fr,EU,"Free : offres internet Fibre, Wi-Fi 7, TV et ligne fixe sans engagement",Failed,12,158,2025-11-09T16:02:37.256192,cant login - subscription account needed for this website
14,https://google.it,EU,Google,Success,58,181,2025-11-09T16:03:13.420666,
15,https://amazon.fr,EU,"Amazon.fr: books, DVDs, video games, music, high-tech, computers, toys, clothing, shoes, sports, DIY, home, beauty, childcare, groceries and more!",Failed,9,370,2025-11-09T16:03:51.393753,cant login - mobile phone needed
16,https://sapo.pt,EU,SAPO – Última Hora e Notícias de Hoje atualizadas ao minuto,Success,22,664,2025-11-09T16:05:54.028637,
17,https://lemonde.fr,EU,Le Monde.fr - Actualités et Infos en France et dans le monde,Success,49,1144,2025-11-09T16:08:28.935467,
18,https://amazon.es,EU,"Amazon.es: online shopping for consumer electronics, books, sports, household items, fashion and more.",Success,16,557,2025-11-09T16:09:30.374160,
19,https://wp.pl,EU,Wirtualna Polska - Wszystko co ważne - www.wp.pl,Success,82,514,2025-11-09T16:12:42.660069,
20,https://amazon.it,EU,"Amazon.it: elettronica, libri, musica, fashion, videogiochi, DVD e tanto altro",Success,16,521,2025-11-09T16:13:18.721755,
21,https://monster.ie,Custom,100% Free Resume Builder | Monster.com,Success,32,91,2026-04-13T02:43:09.177636,
22,https://google.pl,EU,Google,Success,58,180,2025-11-09T16:18:00.493639,
23,https://lefigaro.fr,EU,Le Figaro,Failed,0,33,2025-11-09T16:18:14.152677,access denied
24,https://allegro.pl,EU,Allegro - atrakcyjne ceny - Strona Główna,Success,35,2775,2025-11-09T16:25:48.003118,
25,https://onet.pl,EU,Onet – Jesteś na bieżąco,Success,109,2054,2025-11-09T16:30:15.823341,
26,https://bild.de,EU,Aktuelle Nachrichten | BILD.de,Success,66,2062,2025-11-09T16:33:08.242656,
27,https://seznam.cz,EU,List – I can find what I don't know there,Success,88,1364,2025-11-09T16:36:52.355031,
28,https://otto.de,EU,OTTO - Anmelden,Failed,81,3193,2025-11-09T16:43:00.517966,problem with address (location)
29,https://redd.it,EU,,Failed,0,0,2025-11-09T16:45:03.954171,Connection timeout
30,https://repubblica.it,EU,"la Repubblica - News in tempo reale - Le notizie e i video di politica, cronaca, economia, sport",Success,65,663,2025-11-09T16:46:37.872516,
31,https://delfi.lt,EU,Delfi news - The main news portal in Lithuania,Success,30,593,2025-11-09T16:48:52.018506,
32,https://ebay.de,EU,"eBay.de | Elektronik, Autos, Mode, Sammlerstücke, Möbel und mehr Online-Shopping",Success,93,906,2025-11-09T16:52:34.688014,
33,https://yukiworks.be,EU,,Failed,4,87,2025-11-09T16:56:09.100097,couldn't receive the confirmation mail
34,https://corriere.it,EU,Profilo Utente - abbonamenti.corriere.it,Success,117,2210,2025-11-09T17:00:41.825260,
35,https://elmundo.es,EU,Iniciar sesión - Registro de Usuarios de Unidad Editorial,Failed,38,774,2025-11-09T17:02:45.049196,technical issue in the login process
36,https://focus.de,EU,FOCUS online - Aktuelle Nachrichten,Failed,75,1436,2025-11-09T17:04:35.819142,no login/registration form
37,https://tagesschau.de,EU,tagesschau.de - die erste Adresse für Nachrichten und Information | tagesschau.de,Success,27,227,2025-11-09T17:05:30.403430,
38,https://gandi-ns.fr,EU,,Failed,0,0,2025-11-09T17:05:31.484148,Connection timeout
39,https://leparisien.fr,EU,Actualités en direct et info en continu - Le Parisien,Success,56,1106,2025-11-09T17:07:17.468358,
40,https://francetvinfo.fr,EU,Franceinfo - Actualités en temps réel et info en direct,Success,17,904,2025-11-09T17:11:01.617424,
41,https://interia.pl,EU,"Interia - Polska i świat: informacje, sport, gwiazdy.",Failed,38,1646,2025-11-09T17:14:53.264825,can only create a content creator account with custom mail provided by the website
42,https://idnes.cz,EU,iDNES.cz – s námi víte víc,Success,84,1669,2025-11-09T17:18:24.399668,
43,https://ouest-france.fr,EU,,Failed,0,0,2025-11-09T17:18:25.518642,Connection timeout
44,https://n-tv.de,EU,,Failed,0,0,2025-11-09T17:19:15.328788,Connection timeout
45,https://leboncoin.fr,EU,Création de compte,Failed,47,433,2025-11-09T17:20:26.451598,blocked
46,https://kleinanzeigen.de,EU,,Failed,11,420,2025-11-09T17:58:51.365792,blocked
47,https://ioam.de,EU,New customer registration - INFOnline GmbH,Failed,15,394,2025-11-09T17:59:52.364509,doesnt have a registration form
48,https://20minutos.es,EU,"20minutos.es | Open Daily | Latest news, local, Spain and the world",Success,90,679,2025-11-09T18:03:23.684557,
49,https://aftonbladet.se,Custom,Your privacy rights | Schibsted,Success,41,1144,2026-04-14T02:54:36.256703,
50,https://olx.pl,EU,OLX.PL - Log in,Failed,57,618,2025-11-09T18:06:52.328908,denied access
51,https://ad.nl,EU,"AD.nl, het laatste nieuws uit binnen- en buitenland, sport en show | AD.nl",Success,82,999,2025-11-09T18:09:27.968895,
52,https://lequipe.fr,EU,L'Équipe - L'actualité du sport en continu.,Success,53,1052,2025-11-09T18:11:34.826262,
53,https://monster.es,EU,Monster y miCVideal creador,Success,30,55,2025-11-09T18:13:25.920177,
54,https://nu.nl,EU,NU - Het laatste nieuws het eerst op NU.nl,Success,82,477,2025-11-09T18:15:06.148831,
55,https://remove.bg,EU,Upload Image – remove.bg,Success,33,282,2025-11-09T18:16:43.446318,
56,https://gazzetta.it,EU,La Gazzetta dello Sport | Notizie sportive e risultati live di oggi,Success,89,957,2025-11-09T18:20:52.233731,
57,https://hln.be,EU,"HLN - Het Laatste Nieuws - Volg het nieuws op de nr1 nieuwssite in België, HLN.be brengt je het allerlaatste nieuws 24/24 en 7/7, uit binnen - en buitenland, evenals dichtbij met nieuws uit je eigen regio. | hln.be",Success,74,628,2025-11-09T18:23:18.387666,
58,https://marktplaats.nl,EU,Login Mijn Marktplaats,Failed,99,927,2025-11-09T18:27:14.986119,something went wrong message
59,https://ebay.it,EU,eBay | Il Marketplace delle passioni,Success,89,561,2025-11-09T18:28:36.701693,
60,https://fr.de,EU,"FR.de | News aus Politik, Wirtschaft, Sport, Frankfurt, Hessen und der Welt",Success,152,1039,2025-11-09T18:30:43.427932,
61,https://merkur.de,EU,"Merkur.de | News aus Politik, Sport, für Verbraucher, der Welt und aus Bayern",Success,151,948,2025-11-09T18:32:08.617261,
62,https://ladepeche.fr,EU,La Dépêche : Actualités en temps réel et l'info en continu - ladepeche.fr,Success,58,581,2025-11-09T18:33:26.192900,
63,https://actu.fr,EU,Actu : toute l'information locale et nationale en direct,Success,54,910,2025-11-09T18:35:29.632664,
64,https://tvn24.pl,EU,Wiadomości z kraju i ze świata - najnowsze informacje w TVN24 | TVN24,Success,64,702,2025-11-09T18:37:47.793393,
65,https://subito.it,EU,Reserved Area Login - Subito.it,Failed,38,602,2025-11-09T18:39:59.682441,mobile phone confirmation required
66,https://emag.ro,EU,eMAG.ro - Freedom every day,Failed,20,380,2025-11-09T20:46:06.649350,phone number required
67,https://ilmessaggero.it,EU,Personal Area - My Profile,Success,46,1331,2025-11-09T20:49:00.894716,
68,https://zalando.de,EU,Overview,Success,39,640,2025-11-09T20:50:40.997208,
69,https://novinky.cz,EU,Novinky.cz - the most read news on the Czech Internet,Success,39,426,2025-11-09T20:51:45.398846,
70,https://xnxx.es,EU,,Failed,0,0,2025-11-09T20:54:38.725163,Connection timeout
71,https://index.hr,EU,Index.hr,Success,30,687,2025-11-09T20:56:08.450151,
72,https://ilmeteo.it,EU,iLMeteo.it - ​​Personal Area,Success,18,334,2025-11-09T20:58:07.415828,
73,https://mediaexpert.pl,EU,"Media Expert | Sklep internetowy RTV, AGD, komputery",Success,57,913,2025-11-09T21:00:59.450444,
74,https://idealista.it,EU,"idealista, N.1 in Italia — Case e appartamenti, affitto e vendita, annunci gratuiti",Success,59,1239,2025-11-09T21:03:32.440623,
75,https://iltalehti.fi,EU,Iltalehti | IL - Finland's largest news service,Success,36,332,2025-11-09T21:08:12.690724,
76,https://protothema.gr,EU,Proto Thema - news from Greece and around the world - Breaking news,Failed,6,558,2025-11-09T21:09:47.094965,doesnt have registration/login form
77,https://otomoto.pl,EU,"OTOMOTO - new and used cars, motorcycles, and car parts. Automotive classifieds.",Success,55,1648,2025-11-09T21:13:50.487716,
78,https://eltiempo.es,EU,User profile,Success,21,1132,2025-11-09T21:17:07.904869,
79,https://jutarnji.hr,EU,Jutarnji list - Users,Success,47,2356,2025-11-09T21:19:40.693400,
80,https://ekstrabladet.dk,EU,"Nyheder, sport og underholdning",Success,68,645,2025-11-09T21:21:01.993057,
81,https://tori.fi,EU,Tori.fi - Osta ja myy helposti uutta ja käytettyä,Success,37,896,2025-11-09T21:23:53.757227,
82,https://toyhou.se,Custom,Toyhouse,Success,5,239,2026-04-14T03:24:23.370111,
83,https://xvideos.es,EU,Vídeos Porno Gratuitos - XVIDEOS.COM,Failed,1,77,2025-11-09T21:26:22.556034,Improper website
84,https://librus.pl,EU,Librus - IT systems supporting education,Failed,1,184,2025-11-09T21:28:23.158837,doesnt have a login form
85,https://bt.dk,EU,B.T.,Success,37,1004,2025-11-09T21:30:48.664934,
86,https://leroymerlin.fr,EU,leroymerlin.fr,Failed,1,39,2025-11-09T21:31:04.597714,blocked
87,https://njuskalo.hr,EU,Njuskalo.hr oglasnik,Success,50,1505,2025-11-09T21:34:35.916607,
88,https://joyclub.de,EU,AlexFischer ♥ Woman - Limburg,Success,16,787,2025-11-09T21:35:51.608337,
89,https://case-battle.at,EU,Case-Battle :: We're giving away cool CS:GO skins.,Failed,4,801,2025-11-09T21:37:01.064800,no login
90,https://ladies.de,EU,"Ladies DE | Rotlicht Erotik Portal | Huren, Escort, Sex Clubs, TS",Success,2,36,2025-11-09T21:37:02.940978,
91,https://publi24.ro,EU,,Success,15,603,2025-11-09T21:39:40.596598,
92,https://skelbiu.lt,EU,"Skelbimai: lankomiausias Lietuvoje pardavimo, nuomos ir kitų skelbimų portalas - Skelbiu.lt",Failed,61,657,2025-11-09T21:42:19.211740,phone number required
93,https://diretta.it,EU,"Diretta.it: Serie A, risultati calcio in tempo reale e partite in diretta",Success,42,2039,2025-11-09T21:45:27.502788,
94,https://autoplius.lt,EU,"Automobilių skelbimai Nr.1 - Automobiliai, motociklai, dalys, technika - Autoplius.lt",Success,8,100,2025-11-09T21:45:32.698632,
95,https://flashscore.fr,EU,"Foot en direct, Résultats Foot, Match en Direct Live | Flashscore.fr",Success,42,2100,2025-11-09T21:48:20.248605,
96,https://annunci69.it,EU,"Annunci69.it - ​​Couple Swapping and Erotic Ads, Stories, Car Sex",Failed,2,116,2025-11-09T21:49:26.622124,improper website
97,https://livescore.cz,EU,Livescore - soccer results,Failed,3,207,2025-11-09T21:50:35.422853,no login
98,https://com.se,Custom,502 Bad Gateway,Success,0,10,2026-04-14T03:24:31.491714,
99,https://nirvam.it,EU,.: N I R V A M :.,Success,26,1106,2025-11-09T21:54:11.054265,
100,https://agenciatributaria.gob.es,EU,,Failed,0,0,2025-11-09T21:54:12.197979,Connection timeout
101,https://bato.si,EU,My Sessions : Batoto - Read Free Manga Online,Success,7,757,2025-11-09T21:55:31.484562,
102,https://impots.gouv.fr,EU,Individuals | authentication,Failed,10,157,2025-11-09T21:56:35.802072,gouv website
103,https://simpli.fi,EU,"Simpli.fi, AdTech's Leading Advertising Success Platform",Failed,53,256,2025-11-09T21:59:06.008355,no registration option
104,https://spiegel.de,EU,For me - DER SPIEGEL,Success,74,465,2025-11-09T22:01:01.775909,
105,https://5movierulz.at,EU,Movierulz | Watch Bollywood and Hollywood Full Movies Online Free,Success,9,86,2025-11-09T22:01:08.927694,
106,https://filmywap.com.cy,EU,"Filmywap.com | Filmywap 2025 Bollywood Movies Download, Latest Hindi HD Movies, Hollywood Hindi Dubbed Movies, South Indian Hindi Dubbed Movies Free Download",Failed,4,72,2025-11-09T22:01:36.490526,no login
107,https://superhosting.bg,EU,Customer profile - SuperHosting.BG,Failed,16,545,2025-11-09T22:04:27.719357,no registration
108,https://google.nl,EU,Google,Success,59,198,2025-11-09T22:05:17.754736,
1,https://nytimes.com,Unknown,"The New York Times - Breaking News, US News, World News and Videos",Success,234,364,2026-01-16T12:07:25.815545,
1,https://bbc.com,Unknown,"BBC Home - Breaking News, World News, US News, Sports, Business, Innovation, Climate, Culture, Travel, Video & Audio",Success,97,313,2026-01-16T12:13:53.457452,
1,https://vsware.ie,Custom,VSware School Management Information System,Success,7,72,2026-04-13T02:43:20.459653,
1,https://independent.ie,Custom,Privacy Statement - Mediahuis Ireland,Success,105,1157,2026-04-13T03:00:31.241288,
3,https://google.ie,Custom,Google,Success,7,63,2026-04-13T02:43:31.334393,
5,https://rte.ie,Custom,rte.ie,Success,1,21,2026-04-13T03:01:34.046137,
6,https://tcd.ie,Custom,Trinity College Dublin,Success,7,88,2026-04-13T03:01:51.926674,
7,https://donedeal.ie,Custom,Page Unavailable | DoneDeal,Success,0,16,2026-04-13T03:02:06.771339,
8,https://rip.ie,Custom,Personal data | rip.ie,Success,18,428,2026-04-13T03:08:59.419087,
9,https://thesun.ie,Custom,Personal Details | Account,Success,154,1898,2026-04-13T03:30:16.353612,
10,https://ucd.ie,Custom,University College Dublin,Success,4,101,2026-04-13T03:30:34.301143,
11,https://thejournal.ie,Custom,The Journal,Success,17,500,2026-04-13T03:36:03.686647,
12,https://ucc.ie,Custom,World-class Undergraduate and Postgraduate Education in Ireland - University College Cork,Success,11,190,2026-04-13T03:36:28.176114,
13,https://irishmirror.ie,Custom,"Irish Mirror: the latest news, showbiz, football and sport",Success,15,622,2026-04-13T03:58:49.848884,
14,https://amazon.ie,Custom,Privacy Notice - Amazon Customer Service,Success,18,1057,2026-04-13T04:04:40.375341,
15,https://www.gov.ie,Custom,Government of Ireland: Welcome to gov.ie,Success,2,36,2026-04-13T04:05:02.104464,
16,https://next.ie,Custom,,Success,106,1430,2026-04-13T04:07:48.667894,
17,https://ros.ie,Custom,ROS Registration,Success,5,137,2026-04-13T04:08:30.384042,
18,https://ebay.ie,Custom,Register: Create a personal eBay account,Success,33,520,2026-04-13T04:10:39.665542,
19,https://rufus.ie,Custom,Rufus - Create bootable USB drives the easy way,Success,2,27,2026-04-13T04:10:51.455918,
20,https://tripadvisor.ie,Custom,MediaRoom - Privacy and Cookies Statement,Success,35,950,2026-04-13T04:20:01.474825,
21,https://mypurecloud.ie,Custom,Log in - Genesys | Genesys,Success,28,207,2026-04-13T04:20:35.551665,
22,https://dcu.ie,Custom,Dublin City University | DCU,Success,8,78,2026-04-13T04:20:47.317163,
23,https://breakingnews.ie,Custom,BreakingNews.ie | Irish News | Breaking News from Ireland,Success,19,215,2026-04-13T04:21:23.237135,
24,https://blogspot.ie,Custom,Google,Success,4,58,2026-04-13T04:21:34.495508,
25,https://just-eat.ie,Custom,Attention Required! | Cloudflare,Success,3,20,2026-04-13T04:21:42.565826,
26,https://hse.ie,Custom,HSE website - Health Service Executive,Success,9,66,2026-04-13T04:22:07.063058,
27,https://dataprotection.ie,Custom,Homepage | Data Protection Commission,Success,4,97,2026-04-13T04:22:25.296951,
28,https://ul.ie,Custom,University of Limerick | University of Limerick,Success,5,80,2026-04-13T04:22:40.706539,
29,https://ticketmaster.ie,Custom,Ticketmaster Verify Your Information,Success,34,304,2026-04-13T04:24:35.980749,
30,https://daft.ie,Custom,Just a moment...,Success,2,40,2026-04-13T04:24:49.656254,
31,https://maps.ie,Custom,Just a moment...,Success,0,27,2026-04-13T04:24:58.250138,
32,https://revenue.ie,Custom,myAccount,Success,2,94,2026-04-13T04:25:39.899353,
33,https://aib.ie,Custom,My Mortgage - An Online Mortgage Application Tool - A.I.B.,Success,22,195,2026-04-13T04:26:26.357408,
34,https://evoke.ie,Custom,EVOKE | The premier website for women in Ireland,Success,3,149,2026-04-13T04:27:05.593832,
35,https://irishjobs.ie,Custom,Privacy policy | IrishJobs,Success,59,767,2026-04-13T04:32:29.340384,
36,https://select-your-reward.ie,Custom,Home | Select,Success,2,58,2026-04-13T04:32:45.368220,
37,https://rsvplive.ie,Custom,RSVP privacy policy,Success,13,406,2026-04-13T04:36:09.586294,
38,https://citizensinformation.ie,Custom,Home,Success,10,76,2026-04-13T04:36:28.185218,
39,https://dublinlive.ie,Custom,,Success,9,310,2026-04-13T04:38:37.284741,
40,https://eventbrite.ie,Custom,Eventbrite Privacy Policy | Eventbrite Help Centre,Success,62,1232,2026-04-13T11:26:23.874533,
41,https://adverts.ie,Custom,Just a moment...,Success,0,22,2026-04-13T11:26:42.813845,
42,https://heanet.ie,Custom,HEAnet - Ireland’s National Research & Education Network,Success,5,142,2026-04-13T11:27:03.394642,
43,https://joe.ie,Custom,"JOE.ie | News, Sport, Movies and Life",Success,3,162,2026-04-13T11:27:23.050874,
44,https://ns.ie,Custom,502 Bad Gateway,Success,0,10,2026-04-13T11:27:29.301763,
45,https://irishrail.ie,Custom,Ireland rail travel information - Iarnród Éireann - Irish Rail,Success,17,593,2026-04-13T11:34:15.295653,
46,https://entertainment.ie,Custom,"Entertainment.ie : Cinema, TV, Listings, Celebrity Gossip, Photos, Clubbing, Theatre, Reviews, Trailers, Lotto",Success,12,378,2026-04-13T11:37:56.419689,
47,https://tesco.ie,Custom,Access Denied,Success,44,466,2026-04-13T11:46:32.967284,
48,https://nuigalway.ie,Custom,University of Galway - University of Galway,Success,40,169,2026-04-13T11:47:01.709418,
49,https://iol.ie,Custom,502 Bad Gateway,Success,1,17,2026-04-13T11:47:27.664774,
50,https://boards.ie,Custom,,Failed,0,0,2026-04-13T11:51:06.873971,Connection timeout
51,https://very.ie,Custom,Registration Page,Success,57,985,2026-04-13T11:55:49.283917,
52,https://lombard.ie,Custom,404,Success,1,59,2026-04-13T11:56:05.091928,
53,https://met.ie,Custom,Met Éireann - The Irish Meteorological Service,Success,14,125,2026-04-13T11:56:18.715486,
54,https://webhostingireland.ie,Custom,Hosting Ireland Mail,Success,0,13,2026-04-13T11:56:25.790370,
55,https://gps.ie,Custom,Profile - GPS - Account,Success,19,493,2026-04-13T12:02:28.387950,
56,https://limerickleader.ie,Custom,Terms and Condition - Privacy Policy - Limerick Live,Success,70,1314,2026-04-13T12:19:37.903955,
57,https://dfa.ie,Custom,Ireland.ie | Official international website of Ireland | This is Ireland,Success,8,124,2026-04-13T12:20:07.953910,
58,https://extra.ie,Custom,"Home - Top Irish news, sport, entertainment & business",Success,5,177,2026-04-13T12:20:32.629987,
59,https://gn.gov.ie,Custom,502 Bad Gateway,Success,1,18,2026-04-13T12:21:10.746042,
60,https://echolive.ie,Custom,The Echo: Cork news and sport - Echolive,Success,16,182,2026-04-13T12:22:25.571410,
61,https://boots.ie,Custom,,Success,7,29,2026-04-13T12:22:39.337941,
62,https://universityofgalway.ie,Custom,University of Galway - University of Galway,Success,12,95,2026-04-13T12:23:33.284943,
63,https://myhome.ie,Custom,Account Register - MyHome.ie - MyHome Identity Portal,Success,26,611,2026-04-13T13:29:19.484059,
64,https://lottery.ie,Custom,Reset Your Password | Account | Irish National Lottery,Success,8,425,2026-04-13T13:38:56.738390,
65,https://screwfix.ie,Custom,Privacy Notice| Help | Screwfix,Success,100,1715,2026-04-13T13:48:35.620561,
66,https://harveynorman.ie,Custom,Cookies and Privacy Policy | Ireland,Success,39,3367,2026-04-13T14:02:37.107704,
67,https://corkbeo.ie,Custom,,Success,9,281,2026-04-13T14:04:44.425559,
68,https://oireachtas.ie,Custom,Houses of the Oireachtas website,Success,9,90,2026-04-13T14:05:10.702133,
69,https://jdsports.ie,Custom,502 Bad Gateway,Success,0,9,2026-04-13T14:05:17.253106,
70,https://elverys.ie,Custom,Shop at Intersport Elverys,Success,50,1859,2026-04-13T14:12:06.981089,
71,https://skyscanner.ie,Custom,Skyscanner,Success,18,124,2026-04-13T14:12:47.272557,
72,https://akeo.ie,Custom,Akeo Consulting,Success,6,255,2026-04-13T14:13:54.925209,
73,https://rasset.ie,Custom,Access denied | rasset.ie used Cloudflare to restrict access | rasset.ie | Cloudflare,Success,2,14,2026-04-13T14:14:02.434596,
74,https://currys.ie,Custom,Attention Required! | Cloudflare,Success,2,23,2026-04-13T14:14:10.555275,
75,https://interactivebrokers.ie,Custom,Application,Success,103,419,2026-04-13T14:19:07.154419,
76,https://offalyexpress.ie,Custom,502 Bad Gateway,Success,0,9,2026-04-13T14:19:14.494213,
77,https://vodafone.ie,Custom,,Success,91,497,2026-04-13T14:23:02.664955,
78,https://maynoothuniversity.ie,Custom,Attention Required! | Cloudflare,Success,1,20,2026-04-13T14:23:11.256399,
79,https://gaa.ie,Custom,"GAA.ie - GAA Match Video and Highlights, Fixtures and Results, Latest News",Success,1,74,2026-04-13T14:23:31.325353,
80,https://zalando.ie,Custom,Enter your code - Zalando,Success,37,340,2026-04-13T14:25:40.883986,
81,https://homestoreandmore.ie,Custom,Home Store + More Privacy Policy - Home Store + More,Success,38,729,2026-04-13T14:30:51.770004,
82,https://irishgenealogy.ie,Custom,Irish Genealogy - Explore your Family History,Success,5,88,2026-04-13T14:56:24.887492,
83,https://galwaybeo.ie,Custom,,Success,13,382,2026-04-13T14:59:14.832899,
84,https://midwestradio.ie,Custom,Home - Midwest Radio,Success,10,125,2026-04-13T15:01:00.395186,
85,https://three.ie,Custom,Add Number,Success,57,286,2026-04-13T15:02:13.996864,
86,https://mywelfare.ie,Custom,MyWelfare Homepage,Success,11,28,2026-04-13T15:02:24.795549,
87,https://nli.ie,Custom,National Library of Ireland | National Library of Ireland,Success,0,37,2026-04-13T15:02:38.123383,
88,https://aladdin.ie,Custom,Aladdin Schools Signin,Success,0,89,2026-04-13T15:04:24.604466,
89,https://loveholidays.ie,Custom,loveholidays.ie,Success,31,182,2026-04-13T15:04:44.816054,
90,https://mygovid.ie,Custom,MyGovID - Privacy Statement & Cookies,Success,31,260,2026-04-13T15:16:27.810003,
91,https://grireland.ie,Custom,Register,Success,11,319,2026-04-13T15:24:15.714486,
92,https://vinted.ie,Custom,Join and sell pre-loved clothes with no fees | Vinted,Success,21,240,2026-04-13T15:25:04.566681,
93,https://jysk.ie,Custom,JYSK | JYSK,Success,34,882,2026-04-13T15:31:28.211885,
94,https://mandmdirect.ie,Custom,MandM Direct Details,Success,27,1181,2026-04-13T15:48:00.527674,
95,https://magnet.ie,Custom,myMagnet,Success,8,215,2026-04-13T15:49:25.133404,
96,https://irishstatutebook.ie,Custom,502 Bad Gateway,Success,0,10,2026-04-13T15:49:31.955737,
97,https://tudublin.ie,Custom,Technological University Dublin | TU Dublin,Success,27,143,2026-04-13T15:49:49.037771,
98,https://cso.ie,Custom,Home - CSO - Central Statistics Office,Success,4,126,2026-04-13T15:50:19.126564,
99,https://epiccare.ie,Custom,Epic Care - Login,Success,1,25,2026-04-13T15:50:40.234407,
100,https://ireland.ie,Custom,Ireland.ie | Official international website of Ireland | This is Ireland,Success,2,105,2026-04-13T15:50:56.438502,
101,https://omniplex.ie,Custom,Join MyOmni or MyOmniPass Today,Success,9,186,2026-04-13T15:51:48.013362,
102,https://locanto.ie,Custom,Free Classifieds Ireland – Locanto™,Success,19,354,2026-04-13T15:57:24.816073,
103,https://childpaths.ie,Custom,Smart School Management Software | Child Paths,Success,6,82,2026-04-13T15:57:49.753406,
104,https://northernsound.ie,Custom,The Spirit of Cavan and Monaghan. | NorthernSound,Success,0,85,2026-04-13T15:58:01.600677,
105,https://airbnb.ie,Custom,"Airbnb: Holiday Rentals, Cabins, Beach Houses, Unique Homes & Experiences",Success,31,521,2026-04-13T16:00:20.849669,
106,https://pinterest.ie,Custom,Pinterest,Success,12,530,2026-04-13T16:02:37.338678,
107,https://one4alldigital.ie,Custom,Create New Account | One4all,Success,47,317,2026-04-13T16:03:56.247812,
108,https://agriland.ie,Custom,Latest Farming News - Farming In Ireland - Farm Ireland - Agriland,Success,9,173,2026-04-13T16:04:33.087646,
109,https://irishimmigration.ie,Custom,Home - Immigration Service Delivery,Success,2,149,2026-04-13T16:04:55.558985,
110,https://centralbank.ie,Custom,Home | Central Bank of Ireland,Success,9,136,2026-04-13T16:05:27.783693,
111,https://nationalarchives.ie,Custom,The National Archives of Ireland,Success,1,63,2026-04-13T16:06:00.363654,
112,https://the42.ie,Custom,The 42,Success,41,751,2026-04-13T16:07:58.332521,
113,https://eir.ie,Custom,502 Bad Gateway,Success,5,87,2026-04-13T16:08:07.851418,
114,https://tescomobile.ie,Custom,Best Mobile Phone Plans | Bill Pay | Prepay | SIM | Tesco Mobile,Success,19,139,2026-04-13T16:08:24.400630,
115,https://dit.ie,Custom,502 Bad Gateway,Success,1,17,2026-04-13T16:08:50.140377,
116,https://netsource.ie,Custom,502 Bad Gateway,Success,0,10,2026-04-13T16:08:56.591490,
117,https://deliveroo.ie,Custom,Deliveroo - Food Delivery,Success,22,299,2026-04-13T16:09:54.759136,
118,https://buseireann.ie,Custom,Bus Éireann | Customer Care,Success,9,158,2026-04-13T16:10:19.900753,
119,https://businesspost.ie,Custom,Privacy Policy - Business Post,Success,46,623,2026-04-13T16:14:45.623804,
120,https://balls.ie,Custom,"Balls.ie: Irish Sports News, Recaps & Analysis",Success,1,96,2026-04-13T16:15:01.250289,
121,https://expedia.ie,Custom,Privacy statement,Success,91,1437,2026-04-13T16:26:34.886373,
122,https://jobs.ie,Custom,Jobs.ie - Jobs in Ireland. Irish Jobs.,Success,33,275,2026-04-13T16:27:23.954187,
123,https://her.ie,Custom,"Her - News, Beauty, Entertainment and Style",Success,4,96,2026-04-13T16:27:36.587903,
124,https://dnsireland.ie,Custom,502 Bad Gateway,Success,1,16,2026-04-13T16:28:04.295161,
125,https://dublincity.ie,Custom,Homepage | Dublin City Council,Success,9,72,2026-04-13T16:28:17.781309,
126,https://dogs.ie,Custom,Attention Required! | Cloudflare,Success,1,17,2026-04-13T16:28:24.818372,
127,https://glassdoor.ie,Custom,Glassdoor | Job Search and Career Community,Success,45,401,2026-04-13T16:30:14.592877,
128,https://virginmedia.ie,Custom,Create Profile,Success,44,866,2026-04-13T16:37:19.647637,
129,https://dns.ie,Custom,Service Logins - Irish Domains Ltd,Success,7,192,2026-04-13T16:39:23.371861,
130,https://adidas.ie,Custom,adidas,Success,14,32,2026-04-13T16:39:34.922964,
131,https://arnotts.ie,Custom,Privacy and Cookie Policy,Success,48,1430,2026-04-13T16:48:03.055652,
132,https://halfords.ie,Custom,Sites-halfords-ie-Site,Success,65,441,2026-04-13T16:49:06.034240,
133,https://radius.ie,Custom,"IT Support, Cloud Solutions, Telecoms and Cyber Security",Success,14,167,2026-04-13T16:49:24.171895,
134,https://heritageireland.ie,Custom,Oidhreacht Éireann,Success,5,91,2026-04-13T16:49:45.123821,
4,https://haxx.se,Custom,Haxx,Success,0,17,2026-04-14T03:24:47.919891,
5,https://google.se,Custom,Google,Success,4,57,2026-04-14T03:24:57.144725,
6,https://curl.se,Custom,curl,Success,0,25,2026-04-14T03:25:16.289524,
7,https://loopia.se,Custom,Logga in till Loopia Kundzon / LoopiaDNS,Success,38,293,2026-04-14T03:25:47.995017,
8,https://amazon.se,Custom,"Amazon.se: Low Prices in Electronics, Books, Sports Equipment & more",Success,7,115,2026-04-14T03:25:59.686880,
9,https://lu.se,Custom,Home | Lund University,Success,2,77,2026-04-14T03:26:17.562045,
10,https://expressen.se,Custom,Bonnier News,Success,27,469,2026-04-14T03:28:50.683834,
11,https://svt.se,Custom,www.svt.se,Success,1,25,2026-04-14T03:29:53.717609,
12,https://netnod.se,Custom,Sign in to Portal,Success,9,129,2026-04-14T03:30:55.011033,
13,https://kth.se,Custom,Sign In,Success,3,67,2026-04-14T03:31:26.786644,
14,https://blocket.se,Custom,Log in with your Vend account,Success,26,314,2026-04-14T03:32:06.232179,
15,https://dn.se,Custom,Bonnier News,Success,25,308,2026-04-14T03:34:00.396757,
16,https://di.se,Custom,Di,Success,14,399,2026-04-14T03:36:27.317460,
17,https://atg.se,Custom,"ATG - Betting on Sports, Horses and Casino",Success,23,258,2026-04-14T03:37:18.912282,
18,https://goplay.se,Custom,Goplay.se - Sweden's best guide to casinos and games - Go Play!,Success,4,53,2026-04-14T03:37:31.829726,
19,https://agdadrift.se,Custom,502 Bad Gateway,Success,0,10,2026-04-14T03:37:39.107155,
20,https://hitta.se,Custom,Log in | hitta.se,Success,38,226,2026-04-14T03:38:12.428296,
21,https://ownit.se,Custom,Fast broadband at a great price - Ownit,Success,10,117,2026-04-14T03:38:55.887721,
22,https://uu.se,Custom,Uppsala University,Success,6,188,2026-04-14T03:39:13.369862,
23,https://liu.se,Custom,Linköpings universitet - Linköpings universitet,Success,2,36,2026-04-14T03:39:22.670271,
24,https://su.se,Custom,Stockholms universitet - Stockholms universitet,Success,3,122,2026-04-14T03:39:38.310446,
25,https://andersnoren.se,Custom,Anders Norén,Success,0,27,2026-04-14T03:39:47.599351,
26,https://sverigesradio.se,Custom,News from Swedish Radio,Success,4,234,2026-04-14T03:40:26.201469,
27,https://seenthis.se,Custom,seenthis.co,Success,1,16,2026-04-14T03:40:33.889966,
28,https://gu.se,Custom,Hem | Göteborgs universitet,Success,3,78,2026-04-14T03:40:44.638603,
29,https://telenor.se,Custom,Do you want to create a Telenor ID account?,Success,56,857,2026-04-14T03:51:04.842427,
30,https://ntp.se,Custom,502 Bad Gateway,Success,1,19,2026-04-14T03:51:44.746408,
31,https://svd.se,Custom,Logga in med ditt Schibsted-konto,Success,24,309,2026-04-14T03:52:25.216606,
32,https://chalmers.se,Custom,Chalmers University of Technology,Success,5,122,2026-04-14T03:53:05.354671,
33,https://stupi.se,Custom,502 Bad Gateway,Success,0,10,2026-04-14T03:53:12.586278,
34,https://bredbandsbolaget.se,Custom,Broadband via fiber or 5G with satisfaction guarantee | Telenor,Success,9,131,2026-04-14T03:53:43.644889,
35,https://umu.se,Custom,Umeå universitet,Success,3,67,2026-04-14T03:54:06.422621,
36,https://spp.se,Custom,Login help | SPP,Success,18,131,2026-04-14T03:54:46.489479,
37,https://ns.se,Custom,502 Bad Gateway,Success,0,10,2026-04-14T03:54:54.617348,
38,https://mobiri.se,Custom,Website design software. AI generates sites!,Success,5,134,2026-04-14T03:56:07.167366,
39,https://sci-hub.se,Custom,502 Bad Gateway,Success,0,11,2026-04-14T03:56:37.834944,
40,https://tele2.se,Custom,You are number 1. We are Tele2.,Success,25,194,2026-04-14T03:57:24.462049,
41,https://blogspot.se,Custom,Google,Success,4,58,2026-04-14T03:57:47.517324,
42,https://sydsvenskan.se,Custom,Bonnier News,Success,10,88,2026-04-14T03:58:10.304276,
43,https://svenskaspel.se,Custom,Välkommen till Svenska Spel,Success,2,270,2026-04-14T03:59:15.232895,
44,https://pomf.se,Custom,Uguu · Temporary file hosting,Success,0,18,2026-04-14T03:59:37.167636,
45,https://ica.se,Custom,Log in,Success,20,220,2026-04-14T04:00:19.991204,
46,https://1177.se,Custom,Login - 1177,Success,13,180,2026-04-14T04:01:01.634012,
47,https://hi3gaccess.se,Custom,502 Bad Gateway,Success,0,10,2026-04-14T04:01:08.024576,
48,https://hemnet.se,Custom,Privacy Policy - Hemnet,Success,23,673,2026-04-14T04:09:25.191974,
49,https://ki.se,Custom,Karolinska Institutet - a medical university,Success,6,82,2026-04-14T04:09:45.121855,
50,https://flexhosting.se,Custom,Not Found,Success,1,12,2026-04-14T04:09:53.392011,
51,https://zalando.se,Custom,Log in or register - Zalando,Success,30,220,2026-04-14T04:10:42.594332,
52,https://schoolsoft.se,Custom,SchoolSoft - SchoolSoft,Success,0,72,2026-04-14T04:10:53.165428,
53,https://apotea.se,Custom,Download your prescription at apotea.se - Log in with e-ID!,Success,17,309,2026-04-14T04:11:27.304089,
54,https://biltema.se,Custom,Biltema ID,Success,30,187,2026-04-14T04:12:22.393661,
55,https://thelocal.se,Custom,Your privacy on The Local,Success,36,539,2026-04-14T04:16:18.523032,
56,https://pvip.se,Custom,Todo el Porno VIP que buscas 100% Gratis - PornoVIP.gratis,Success,28,101,2026-04-14T04:16:30.597274,
57,https://lth.se,Custom,"Start | LTH, Lunds Tekniska Högskola",Success,1,80,2026-04-14T04:16:40.946323,
58,https://sunet.se,Custom,Sunnet,Success,1,56,2026-04-14T04:17:55.281455,
59,https://carup.se,Custom,"Nyheter om bilar, biltester och guider | Carup.se",Success,3,70,2026-04-14T04:18:09.192920,
60,https://svenskdam.se,Custom,För dig som älskar kungligt och kändisar | Svensk Damtidning,Success,3,75,2026-04-14T04:18:23.987130,
61,https://skolplus.se,Custom,School plus,Success,11,44,2026-04-14T04:18:58.957900,
62,https://dice.se,Custom,DICE Studios,Success,11,134,2026-04-14T04:19:17.802363,
63,https://kontek.se,Custom,New User My Pages,Success,32,391,2026-04-14T04:20:45.368944,
64,https://skatteverket.se,Custom,skatteverket.se,Success,1,22,2026-04-14T04:21:47.008729,
65,https://svtplay.se,Custom,www.svtplay.se,Success,1,22,2026-04-14T04:22:49.765107,
66,https://slu.se,Custom,SLU – Science and Education for Sustainable Life,Success,3,41,2026-04-14T04:23:01.753423,
67,https://telia.se,Custom,Logga in,Success,33,323,2026-04-14T04:23:48.036217,
68,https://gp.se,Custom,Göteborgs-Posten | Profil,Success,43,775,2026-04-14T04:27:13.249331,
